account_id,account_type,customer_name,customer_category,branch_code,kyc_status,account_age_days,risk_score,is_flagged
ACC3746317213,SAVINGS,Aryan Maharaj,RETIRED,UBIN0530001,VERIFIED,106,0.0,False
ACC8479902459,SAVINGS,Udant Dewan,INDIVIDUAL,UBIN0530008,PENDING,591,0.0,False
ACC1958682846,CURRENT,Gagan Sami,BUSINESS,UBIN0530004,VERIFIED,229,0.0,False
ACC9963334018,SAVINGS,Ayushman Chander,INDIVIDUAL,UBIN0530014,VERIFIED,773,0.0,False
ACC1136505587,CURRENT,Viraj Tiwari,BUSINESS,UBIN0530003,VERIFIED,1074,0.0,False
ACC1939042955,SAVINGS,Rushil Saini,INDIVIDUAL,UBIN0530017,VERIFIED,64,0.0,False
ACC3585650756,CURRENT,Saumya Mall,BUSINESS,UBIN0530018,VERIFIED,437,0.0,False
ACC7635473142,CURRENT,Nathaniel Sami,BUSINESS,UBIN0530008,VERIFIED,72,0.0,False
ACC4733616459,CURRENT,Arunima Dugal,BUSINESS,UBIN0530006,VERIFIED,196,0.0,False
ACC8293453178,SALARY,Gayathri Chaudry,INDIVIDUAL,UBIN0530011,VERIFIED,284,0.0,False
ACC2193448329,CURRENT,Lajita Chatterjee,BUSINESS,UBIN0530007,VERIFIED,306,0.0,False
ACC2445662585,SALARY,Hemangini Lalla,INDIVIDUAL,UBIN0530003,VERIFIED,643,0.0,False
ACC2631775357,CURRENT,Tripti Yadav,BUSINESS,UBIN0530012,VERIFIED,978,0.0,False
ACC8934927891,SAVINGS,Kritika Brar,INDIVIDUAL,UBIN0530020,VERIFIED,495,0.0,False
ACC9776552803,SAVINGS,Janaki Handa,INDIVIDUAL,UBIN0530015,VERIFIED,232,0.0,False
ACC3303082117,SAVINGS,Chakradev Kari,BUSINESS,UBIN0530013,VERIFIED,1434,0.0,False
ACC9928378856,SALARY,Fariq Kaul,INDIVIDUAL,UBIN0530010,EXPIRED,179,0.0,False
ACC8995970241,SAVINGS,Lajita Mall,STUDENT,UBIN0530019,VERIFIED,840,0.0,False
ACC1298737106,SALARY,Janya Gaba,INDIVIDUAL,UBIN0530008,VERIFIED,147,0.0,False
ACC8615270538,DORMANT,Isha Kadakia,RETIRED,UBIN0530003,VERIFIED,365,0.0,False
ACC4673561638,SAVINGS,Ekbal Garg,INDIVIDUAL,UBIN0530004,VERIFIED,1069,0.0,False
ACC6927597015,DORMANT,Nihal Shere,INDIVIDUAL,UBIN0530015,VERIFIED,2053,0.0,False
ACC2566942273,SALARY,Anamika Kanda,INDIVIDUAL,UBIN0530012,VERIFIED,386,0.0,False
ACC2525876051,CURRENT,Daksh Karnik,BUSINESS,UBIN0530009,VERIFIED,2637,0.0,False
ACC9896606039,SAVINGS,Diya Rattan,INDIVIDUAL,UBIN0530006,VERIFIED,73,0.0,False
ACC2051454923,CURRENT,Dominic Kakar,BUSINESS,UBIN0530015,PENDING,1409,0.0,False
ACC6924716023,SAVINGS,Simon Tata,INDIVIDUAL,UBIN0530018,VERIFIED,152,0.0,False
ACC1240251661,DORMANT,Tara Dhar,RETIRED,UBIN0530002,VERIFIED,365,0.0,False
ACC8752612686,DORMANT,Liam Koshy,RETIRED,UBIN0530013,VERIFIED,453,0.0,False
ACC2149938334,SALARY,Priya Rastogi,STUDENT,UBIN0530007,VERIFIED,1289,0.0,False
ACC8378385615,SAVINGS,Theodore Devi,INDIVIDUAL,UBIN0530007,VERIFIED,575,0.0,False
ACC8110054933,SAVINGS,Gavin Batta,BUSINESS,UBIN0530013,VERIFIED,551,0.0,False
ACC8055995058,SAVINGS,Michael Dutta,INDIVIDUAL,UBIN0530005,VERIFIED,332,0.0,False
ACC2137651678,CURRENT,Devansh Rajan,BUSINESS,UBIN0530008,VERIFIED,655,0.0,False
ACC7609857128,SAVINGS,Upadhriti Wadhwa,RETIRED,UBIN0530019,EXPIRED,394,0.0,False
ACC7801222128,SAVINGS,Advay Contractor,INDIVIDUAL,UBIN0530012,VERIFIED,54,0.0,False
ACC5284391408,CURRENT,Harini Choudhury,BUSINESS,UBIN0530017,VERIFIED,320,0.0,False
ACC3119634399,SAVINGS,Radhika Dugar,INDIVIDUAL,UBIN0530002,EXPIRED,579,0.0,False
ACC4698408854,SAVINGS,Aarush Lall,BUSINESS,UBIN0530005,VERIFIED,1042,0.0,False
ACC3694860228,SAVINGS,Yashica Cherian,BUSINESS,UBIN0530014,VERIFIED,135,0.0,False
ACC3561557300,CURRENT,Yashica Issac,BUSINESS,UBIN0530013,VERIFIED,223,0.0,False
ACC9573276057,SAVINGS,Kashvi Edwin,INDIVIDUAL,UBIN0530017,VERIFIED,1221,0.0,False
ACC5047709743,SALARY,Ekiya Suresh,INDIVIDUAL,UBIN0530004,VERIFIED,879,0.0,False
ACC8047877267,SAVINGS,Isaac Patil,BUSINESS,UBIN0530004,VERIFIED,92,0.0,False
ACC6555540744,DORMANT,Wriddhish Bhardwaj,INDIVIDUAL,UBIN0530006,VERIFIED,365,0.0,False
ACC2948728483,SALARY,Farhan Chada,STUDENT,UBIN0530009,VERIFIED,786,0.0,False
ACC4272602734,CURRENT,Ekapad Walia,BUSINESS,UBIN0530017,VERIFIED,551,0.0,False
ACC4919706735,SAVINGS,Kabir Soman,INDIVIDUAL,UBIN0530010,VERIFIED,1030,0.0,False
ACC1854316681,DORMANT,Alka Wable,RETIRED,UBIN0530012,VERIFIED,365,0.0,False
ACC4274958945,SAVINGS,Siddharth Zacharia,STUDENT,UBIN0530018,VERIFIED,533,0.0,False
ACC4944899549,SAVINGS,Devika Rastogi,INDIVIDUAL,UBIN0530020,VERIFIED,3785,0.0,False
ACC6687206971,SALARY,Raksha Varughese,INDIVIDUAL,UBIN0530001,VERIFIED,712,0.0,False
ACC8760038701,SAVINGS,Jai Kota,INDIVIDUAL,UBIN0530008,VERIFIED,1281,0.0,False
ACC1248786714,SALARY,Devansh Nigam,INDIVIDUAL,UBIN0530019,VERIFIED,662,0.0,False
ACC5067116918,SAVINGS,Victor Kannan,INDIVIDUAL,UBIN0530003,VERIFIED,367,0.0,False
ACC8438486479,DORMANT,Ekavir Bhargava,RETIRED,UBIN0530003,VERIFIED,607,0.0,False
ACC1540137296,CURRENT,Ekansh Balay,BUSINESS,UBIN0530016,VERIFIED,74,0.0,False
ACC6004182187,SALARY,Ekavir Varkey,INDIVIDUAL,UBIN0530017,VERIFIED,387,0.0,False
ACC6633778586,CURRENT,Arya Sunder,BUSINESS,UBIN0530012,VERIFIED,308,0.0,False
ACC7517938612,SAVINGS,Kevin Solanki,RETIRED,UBIN0530004,VERIFIED,950,0.0,False
ACC2064746525,SHELL,Urvashi Ray,BUSINESS,UBIN0530003,PENDING,146,0.0,False
ACC2452066459,DORMANT,Girindra Chatterjee,INDIVIDUAL,UBIN0530019,VERIFIED,365,0.0,False
ACC3379074819,CURRENT,Irya Sampath,BUSINESS,UBIN0530019,EXPIRED,859,0.0,False
ACC1945826486,SAVINGS,Unni Bhagat,BUSINESS,UBIN0530003,EXPIRED,3346,0.0,False
ACC1252860896,SAVINGS,Darsh Rau,BUSINESS,UBIN0530003,PENDING,1149,0.0,False
ACC4888749350,SALARY,Ikbal Kothari,INDIVIDUAL,UBIN0530011,VERIFIED,1450,0.0,False
ACC9894264595,SALARY,Ranveer Yadav,STUDENT,UBIN0530008,PENDING,415,0.0,False
ACC3084839399,CURRENT,Logan Sami,BUSINESS,UBIN0530018,VERIFIED,1148,0.0,False
ACC3030106617,CURRENT,Arya Shere,BUSINESS,UBIN0530016,VERIFIED,533,0.0,False
ACC8763140509,SAVINGS,Faqid Savant,INDIVIDUAL,UBIN0530007,VERIFIED,498,0.0,False
ACC1405126228,CURRENT,Chandresh Zachariah,BUSINESS,UBIN0530014,VERIFIED,6487,0.0,False
ACC6816663775,SAVINGS,Girik Khalsa,BUSINESS,UBIN0530014,VERIFIED,42,0.0,False
ACC4131356954,SAVINGS,Niharika Sunder,STUDENT,UBIN0530004,VERIFIED,435,0.0,False
ACC5555296751,SALARY,Tanay Rattan,INDIVIDUAL,UBIN0530011,VERIFIED,110,0.0,False
ACC1469306919,SAVINGS,Nitesh Raghavan,INDIVIDUAL,UBIN0530007,VERIFIED,5285,0.0,False
ACC2926780541,SALARY,Madhavi Lanka,STUDENT,UBIN0530014,VERIFIED,863,0.0,False
ACC6083042422,SAVINGS,Bhavika Sampath,STUDENT,UBIN0530015,VERIFIED,155,0.0,False
ACC4965395580,SAVINGS,Mohammed Gupta,RETIRED,UBIN0530015,PENDING,351,0.0,False
ACC1420514789,SALARY,Teerth Bhardwaj,INDIVIDUAL,UBIN0530018,VERIFIED,228,0.0,False
ACC4590711152,CURRENT,Dipta Bhandari,BUSINESS,UBIN0530003,VERIFIED,184,0.0,False
ACC4645120421,SALARY,Vansha Thakkar,INDIVIDUAL,UBIN0530006,EXPIRED,634,0.0,False
ACC7040502394,CURRENT,Dakshesh Trivedi,BUSINESS,UBIN0530016,VERIFIED,2926,0.0,False
ACC1251837136,SAVINGS,Quincy Biswas,INDIVIDUAL,UBIN0530013,VERIFIED,687,0.0,False
ACC6971815972,CURRENT,Wahab Raval,BUSINESS,UBIN0530015,VERIFIED,1022,0.0,False
ACC6520103410,CURRENT,Yatin Baral,BUSINESS,UBIN0530018,VERIFIED,297,0.0,False
ACC3090237817,SAVINGS,Oni Virk,BUSINESS,UBIN0530007,VERIFIED,90,0.0,False
ACC2274350418,SAVINGS,Advika Jayaraman,INDIVIDUAL,UBIN0530002,VERIFIED,1629,0.0,False
ACC3328710672,SALARY,William Lanka,INDIVIDUAL,UBIN0530011,VERIFIED,408,0.0,False
ACC1245522987,CURRENT,Karan Mital,BUSINESS,UBIN0530019,VERIFIED,877,0.0,False
ACC3281169403,CURRENT,Diya Bora,BUSINESS,UBIN0530002,VERIFIED,469,0.0,False
ACC1798112150,CURRENT,Tara Chaudhry,BUSINESS,UBIN0530020,VERIFIED,919,0.0,False
ACC9881824272,SAVINGS,Tanay Toor,RETIRED,UBIN0530008,PENDING,439,0.0,False
ACC2734202799,SAVINGS,Kevin Palla,INDIVIDUAL,UBIN0530019,VERIFIED,225,0.0,False
ACC3553440342,SAVINGS,Yash Pingle,STUDENT,UBIN0530020,VERIFIED,517,0.0,False
ACC5647083348,SALARY,Nakul Sarma,INDIVIDUAL,UBIN0530019,VERIFIED,1264,0.0,False
ACC2119980130,DORMANT,Abhiram Mistry,RETIRED,UBIN0530011,PENDING,2305,0.0,False
ACC6320115677,SAVINGS,Krish Lalla,INDIVIDUAL,UBIN0530013,VERIFIED,47,0.0,False
ACC8067372072,SALARY,Hredhaan Dugal,INDIVIDUAL,UBIN0530015,EXPIRED,93,0.0,False
ACC1311570307,DORMANT,Baghyawati Kade,INDIVIDUAL,UBIN0530015,VERIFIED,365,0.0,False
ACC1429416213,DORMANT,Samar Lalla,RETIRED,UBIN0530018,PENDING,552,0.0,False
ACC2139027119,SAVINGS,Zayan Behl,STUDENT,UBIN0530012,VERIFIED,291,0.0,False
ACC4783282817,SHELL,Pallavi Malhotra,BUSINESS,UBIN0530008,VERIFIED,193,0.0,False
ACC6882074066,CURRENT,Aarush Nath,BUSINESS,UBIN0530006,VERIFIED,120,0.0,False
ACC3271782991,SALARY,Adweta Edwin,INDIVIDUAL,UBIN0530018,VERIFIED,93,0.0,False
ACC3849232839,SALARY,Prisha Andra,INDIVIDUAL,UBIN0530005,VERIFIED,441,0.0,False
ACC2135872495,CURRENT,Faqid Dixit,BUSINESS,UBIN0530004,PENDING,179,0.0,False
ACC5962610986,SAVINGS,Kala Divan,INDIVIDUAL,UBIN0530010,VERIFIED,842,0.0,False
ACC3597724331,SAVINGS,Joshua Barman,INDIVIDUAL,UBIN0530011,VERIFIED,2057,0.0,False
ACC7393195616,SAVINGS,Janya Baral,STUDENT,UBIN0530002,VERIFIED,1611,0.0,False
ACC9986353481,DORMANT,Shivansh Krish,RETIRED,UBIN0530014,VERIFIED,365,0.0,False
ACC8856990236,SAVINGS,Irya Ray,INDIVIDUAL,UBIN0530002,VERIFIED,35,0.0,False
ACC5310195918,DORMANT,Warjas Gaba,INDIVIDUAL,UBIN0530005,VERIFIED,2654,0.0,False
ACC2125089309,SAVINGS,Nitara Bakshi,INDIVIDUAL,UBIN0530015,VERIFIED,1854,0.0,False
ACC1041531046,CURRENT,Gaurangi Sabharwal,BUSINESS,UBIN0530003,EXPIRED,1017,0.0,False
ACC3373077218,SAVINGS,Amara Dutta,INDIVIDUAL,UBIN0530014,PENDING,527,0.0,False
ACC1547374338,SAVINGS,Lavanya Barad,BUSINESS,UBIN0530010,EXPIRED,409,0.0,False
ACC2536778950,CURRENT,Tristan Iyengar,BUSINESS,UBIN0530008,VERIFIED,240,0.0,False
ACC3864457210,CURRENT,Inaya Mody,BUSINESS,UBIN0530012,VERIFIED,3759,0.0,False
ACC4993808565,DORMANT,Udant Bajwa,INDIVIDUAL,UBIN0530006,VERIFIED,5584,0.0,False
ACC4482238042,SAVINGS,Mohini Narasimhan,INDIVIDUAL,UBIN0530014,VERIFIED,152,0.0,False
ACC1106456634,SAVINGS,Ekaraj Mallick,BUSINESS,UBIN0530011,VERIFIED,607,0.0,False
ACC6360837474,SAVINGS,Yashodhara Ratta,STUDENT,UBIN0530006,VERIFIED,3833,0.0,False
ACC5759234471,SAVINGS,Ayaan D’Alia,RETIRED,UBIN0530002,PENDING,82,0.0,False
ACC8982597239,DORMANT,Pranav Lanka,RETIRED,UBIN0530008,VERIFIED,3632,0.0,False
ACC9239688178,SAVINGS,Ikbal Saraf,INDIVIDUAL,UBIN0530012,PENDING,51,0.0,False
ACC1977515194,SHELL,Dipta Sarin,BUSINESS,UBIN0530001,PENDING,2048,0.0,False
ACC3834820954,CURRENT,Lekha Gupta,BUSINESS,UBIN0530013,VERIFIED,354,0.0,False
ACC6704841644,DORMANT,Chaitanya Sarin,RETIRED,UBIN0530003,EXPIRED,377,0.0,False
ACC6493800024,SHELL,Zinal Yohannan,INDIVIDUAL,UBIN0530017,VERIFIED,277,0.0,False
ACC7597996327,SAVINGS,Januja Sankar,RETIRED,UBIN0530001,VERIFIED,59,0.0,False
ACC9462806178,SAVINGS,Ganga Murthy,BUSINESS,UBIN0530006,VERIFIED,149,0.0,False
ACC9519284858,SALARY,Charita Tripathi,INDIVIDUAL,UBIN0530002,VERIFIED,280,0.0,False
ACC7161404428,CURRENT,Nilima Narain,BUSINESS,UBIN0530011,PENDING,4783,0.0,False
ACC5791662169,DORMANT,Chakrika Datta,INDIVIDUAL,UBIN0530019,VERIFIED,3315,0.0,False
ACC6111349421,SAVINGS,Osha Raghavan,STUDENT,UBIN0530002,VERIFIED,126,0.0,False
ACC8339176912,SAVINGS,Charvi Ravi,INDIVIDUAL,UBIN0530001,VERIFIED,918,0.0,False
ACC6141226746,CURRENT,Daksha Mangat,BUSINESS,UBIN0530014,VERIFIED,1168,0.0,False
ACC4642197907,SAVINGS,Qushi Nagy,BUSINESS,UBIN0530010,VERIFIED,342,0.0,False
ACC7473041886,SAVINGS,Riya Sathe,BUSINESS,UBIN0530014,PENDING,396,0.0,False
ACC6695912196,SAVINGS,Yasti Solanki,INDIVIDUAL,UBIN0530010,EXPIRED,1049,0.0,False
ACC3381183483,CURRENT,Frado Mander,BUSINESS,UBIN0530007,VERIFIED,84,0.0,False
ACC9333798503,SAVINGS,Girik Keer,INDIVIDUAL,UBIN0530006,VERIFIED,901,0.0,False
ACC6587537178,SAVINGS,Umang Issac,INDIVIDUAL,UBIN0530018,VERIFIED,217,0.0,False
ACC4580822352,DORMANT,Aryan Batra,INDIVIDUAL,UBIN0530010,VERIFIED,365,0.0,False
ACC2232285036,SAVINGS,Vaishnavi Bora,INDIVIDUAL,UBIN0530014,VERIFIED,213,0.0,False
ACC6679017210,SAVINGS,Oeshi Hayer,INDIVIDUAL,UBIN0530015,VERIFIED,155,0.0,False
ACC5659161352,CURRENT,Warda Ratta,BUSINESS,UBIN0530017,VERIFIED,432,0.0,False
ACC7954672204,SALARY,Manbir Ahluwalia,INDIVIDUAL,UBIN0530003,VERIFIED,30,0.0,False
ACC4226113732,CURRENT,Pavani Kanda,BUSINESS,UBIN0530010,VERIFIED,352,0.0,False
ACC1855256552,SALARY,Zarna Shetty,INDIVIDUAL,UBIN0530001,VERIFIED,309,0.0,False
ACC1198486416,SAVINGS,Zaid Dara,INDIVIDUAL,UBIN0530016,VERIFIED,65,0.0,False
ACC4300636585,CURRENT,Kiaan Shetty,BUSINESS,UBIN0530015,VERIFIED,2080,0.0,False
ACC8285786023,SAVINGS,Saanvi Thaman,INDIVIDUAL,UBIN0530016,VERIFIED,417,0.0,False
ACC2716495971,CURRENT,Sanaya Dutt,BUSINESS,UBIN0530005,VERIFIED,1289,0.0,False
ACC2825989011,CURRENT,Shivani Lad,BUSINESS,UBIN0530006,VERIFIED,152,0.0,False
ACC2995226582,SAVINGS,Aradhana Verma,INDIVIDUAL,UBIN0530018,VERIFIED,136,0.0,False
ACC4643576871,SAVINGS,William Maharaj,INDIVIDUAL,UBIN0530015,VERIFIED,524,0.0,False
ACC8995059760,SALARY,Faras Mangal,INDIVIDUAL,UBIN0530015,VERIFIED,1203,0.0,False
ACC8033702319,SAVINGS,Anita Nayak,BUSINESS,UBIN0530017,VERIFIED,237,0.0,False
ACC6322520473,SAVINGS,Faris Devi,INDIVIDUAL,UBIN0530015,VERIFIED,2693,0.0,False
ACC9922723063,CURRENT,Vihaan Rajagopal,BUSINESS,UBIN0530010,VERIFIED,75,0.0,False
ACC6302109556,SAVINGS,Tanish Bhatt,INDIVIDUAL,UBIN0530011,VERIFIED,792,0.0,False
ACC3319936135,SAVINGS,Nikita Narayanan,INDIVIDUAL,UBIN0530005,VERIFIED,427,0.0,False
ACC1647812758,CURRENT,Ojasvi Bhatia,BUSINESS,UBIN0530013,EXPIRED,148,0.0,False
ACC3980491761,SAVINGS,Osha Ramachandran,INDIVIDUAL,UBIN0530007,EXPIRED,536,0.0,False
ACC5570828113,SAVINGS,Lajita Sood,INDIVIDUAL,UBIN0530014,VERIFIED,560,0.0,False
ACC7296096954,DORMANT,Indira Misra,RETIRED,UBIN0530002,VERIFIED,1235,0.0,False
ACC7099469983,SAVINGS,Oni Yohannan,INDIVIDUAL,UBIN0530019,VERIFIED,161,0.0,False
ACC7767538527,CURRENT,Vinaya Kanda,BUSINESS,UBIN0530016,VERIFIED,550,0.0,False
ACC6805759868,SAVINGS,Rajata Sunder,BUSINESS,UBIN0530013,VERIFIED,136,0.0,False
ACC6242173772,CURRENT,Lopa Nayar,BUSINESS,UBIN0530008,VERIFIED,337,0.0,False
ACC6467215542,SAVINGS,Noah Sibal,INDIVIDUAL,UBIN0530016,EXPIRED,247,0.0,False
ACC5419627962,SAVINGS,Avi Ramesh,STUDENT,UBIN0530011,VERIFIED,1521,0.0,False
ACC8722962486,CURRENT,Fiyaz Sangha,BUSINESS,UBIN0530006,VERIFIED,1018,0.0,False
ACC8904911624,CURRENT,Triya Gopal,BUSINESS,UBIN0530005,VERIFIED,494,0.0,False
ACC3294043548,SAVINGS,Abha Raghavan,INDIVIDUAL,UBIN0530013,VERIFIED,449,0.0,False
ACC3847562279,CURRENT,Siddharth Sha,BUSINESS,UBIN0530003,PENDING,604,0.0,False
ACC8055556030,SAVINGS,Geetika Raghavan,INDIVIDUAL,UBIN0530005,VERIFIED,246,0.0,False
ACC9018065507,SALARY,Oviya Krishnan,INDIVIDUAL,UBIN0530006,VERIFIED,1147,0.0,False
ACC5510938155,SAVINGS,Upma Bahl,STUDENT,UBIN0530013,VERIFIED,272,0.0,False
ACC2405969000,SAVINGS,Inaya Kapur,INDIVIDUAL,UBIN0530015,VERIFIED,412,0.0,False
ACC6698759353,SAVINGS,Banjeet Balasubramanian,STUDENT,UBIN0530013,VERIFIED,3016,0.0,False
ACC7105574449,CURRENT,Ryan Bahri,BUSINESS,UBIN0530003,PENDING,139,0.0,False
ACC3019952485,DORMANT,William Date,RETIRED,UBIN0530018,VERIFIED,569,0.0,False
ACC9383431259,SAVINGS,Ishwar Kamdar,STUDENT,UBIN0530008,VERIFIED,1285,0.0,False
ACC3792347639,SALARY,Aahana Pillay,INDIVIDUAL,UBIN0530002,VERIFIED,445,0.0,False
ACC4239406957,SAVINGS,Ishwar Gade,BUSINESS,UBIN0530008,VERIFIED,2469,0.0,False
ACC9677466102,DORMANT,Hritik Bal,INDIVIDUAL,UBIN0530005,PENDING,653,0.0,False
ACC2024542722,SAVINGS,Keya Ranganathan,STUDENT,UBIN0530016,VERIFIED,1890,0.0,False
ACC3875303857,SAVINGS,Faqid Kibe,INDIVIDUAL,UBIN0530019,VERIFIED,236,0.0,False
ACC5070585433,SALARY,Charvi Dara,INDIVIDUAL,UBIN0530015,VERIFIED,56,0.0,False
ACC8299146480,SAVINGS,Idika Walia,INDIVIDUAL,UBIN0530012,PENDING,565,0.0,False
ACC4518871744,CURRENT,Kamala Biswas,BUSINESS,UBIN0530010,VERIFIED,884,0.0,False
ACC9410288290,SAVINGS,Advik Salvi,BUSINESS,UBIN0530013,VERIFIED,377,0.0,False
ACC1851819913,CURRENT,Hitesh Sant,BUSINESS,UBIN0530019,VERIFIED,3424,0.0,False
ACC3693985578,DORMANT,Tripti Dua,RETIRED,UBIN0530004,VERIFIED,819,0.0,False
ACC4459716271,CURRENT,Patrick Vig,BUSINESS,UBIN0530019,VERIFIED,2729,0.0,False
ACC4361393222,DORMANT,Veda Shroff,RETIRED,UBIN0530012,VERIFIED,365,0.0,False
ACC7583090712,SAVINGS,Amrita Naidu,RETIRED,UBIN0530012,PENDING,431,0.0,False
ACC9886101513,CURRENT,Gabriel Mallick,BUSINESS,UBIN0530011,VERIFIED,1499,0.0,False
ACC3105400301,SAVINGS,Yagnesh Shetty,INDIVIDUAL,UBIN0530014,PENDING,1121,0.0,False
ACC9421518487,DORMANT,Gayathri Balakrishnan,INDIVIDUAL,UBIN0530015,VERIFIED,365,0.0,False
ACC4037867512,SALARY,Ekta Gopal,INDIVIDUAL,UBIN0530014,VERIFIED,104,0.0,False
ACC8088660633,SAVINGS,Simon Pant,INDIVIDUAL,UBIN0530020,VERIFIED,337,0.0,False
ACC7371573279,DORMANT,Harini Mammen,INDIVIDUAL,UBIN0530014,VERIFIED,365,0.0,False
ACC7839626408,SHELL,Advaith Varughese,INDIVIDUAL,UBIN0530011,VERIFIED,749,0.0,False
ACC4658080160,SAVINGS,Frederick Khurana,RETIRED,UBIN0530003,VERIFIED,178,0.0,False
ACC2936179853,SALARY,Vrinda Khosla,INDIVIDUAL,UBIN0530015,PENDING,482,0.0,False
ACC8164814926,SAVINGS,Vritti Sem,INDIVIDUAL,UBIN0530011,VERIFIED,8812,0.0,False
ACC5418232833,SAVINGS,Girik Menon,STUDENT,UBIN0530011,VERIFIED,106,0.0,False
ACC6075963527,CURRENT,Nidhi Kohli,BUSINESS,UBIN0530007,VERIFIED,1799,0.0,False
ACC6404582459,SAVINGS,Jyoti Solanki,INDIVIDUAL,UBIN0530009,PENDING,33,0.0,False
ACC9633533290,DORMANT,Pavani Narayanan,INDIVIDUAL,UBIN0530007,VERIFIED,365,0.0,False
ACC1367704871,SAVINGS,Sudiksha Madan,INDIVIDUAL,UBIN0530014,VERIFIED,3303,0.0,False
ACC4256292393,SALARY,Zayan Kashyap,INDIVIDUAL,UBIN0530016,VERIFIED,959,0.0,False
ACC7403028869,SAVINGS,Reyansh Mutti,INDIVIDUAL,UBIN0530001,VERIFIED,104,0.0,False
ACC5694628398,SAVINGS,Qasim Handa,BUSINESS,UBIN0530008,VERIFIED,302,0.0,False
ACC6339955011,SALARY,Veda Malhotra,STUDENT,UBIN0530019,PENDING,257,0.0,False
ACC6879898071,SAVINGS,Harish Hari,BUSINESS,UBIN0530018,VERIFIED,821,0.0,False
ACC7575259637,SAVINGS,Utkarsh Patel,INDIVIDUAL,UBIN0530014,VERIFIED,278,0.0,False
ACC7658867789,SAVINGS,Chasmum Atwal,INDIVIDUAL,UBIN0530012,VERIFIED,1222,0.0,False
ACC8313706299,SALARY,Anusha Bath,INDIVIDUAL,UBIN0530009,VERIFIED,323,0.0,False
ACC6611903015,SAVINGS,Brinda Date,BUSINESS,UBIN0530008,VERIFIED,86,0.0,False
ACC6122110529,CURRENT,Harshil Arora,BUSINESS,UBIN0530004,VERIFIED,3313,0.0,False
ACC3964229896,SAVINGS,Upasna Srinivas,RETIRED,UBIN0530007,VERIFIED,1294,0.0,False
ACC7374584386,SALARY,Harini Gour,INDIVIDUAL,UBIN0530019,VERIFIED,388,0.0,False
ACC6128695961,SAVINGS,Zayyan Sridhar,BUSINESS,UBIN0530008,VERIFIED,191,0.0,False
ACC2549972386,SALARY,Dhruv Rattan,STUDENT,UBIN0530010,VERIFIED,244,0.0,False
ACC9650701349,SAVINGS,Ethan Bera,INDIVIDUAL,UBIN0530018,VERIFIED,57,0.0,False
ACC5838636972,CURRENT,Manthan Modi,BUSINESS,UBIN0530002,VERIFIED,782,0.0,False
ACC5184564874,SALARY,Yuvraj Dani,INDIVIDUAL,UBIN0530018,VERIFIED,548,0.0,False
ACC5054834021,CURRENT,Upkaar Virk,BUSINESS,UBIN0530016,VERIFIED,1311,0.0,False
ACC9642614082,SAVINGS,Shravya Savant,RETIRED,UBIN0530010,VERIFIED,639,0.0,False
ACC7311011808,SAVINGS,Pushti Mody,INDIVIDUAL,UBIN0530015,VERIFIED,30,0.0,False
ACC2463320861,SAVINGS,Hardik Johal,BUSINESS,UBIN0530002,VERIFIED,64,0.0,False
ACC8996039244,SAVINGS,Aishani Bumb,BUSINESS,UBIN0530004,VERIFIED,154,0.0,False
ACC4530959836,CURRENT,Wriddhish Ghose,BUSINESS,UBIN0530013,VERIFIED,729,0.0,False
ACC3112035409,SALARY,Naksh Agate,INDIVIDUAL,UBIN0530019,VERIFIED,503,0.0,False
ACC1230249217,SAVINGS,Shravya Singhal,BUSINESS,UBIN0530005,VERIFIED,8708,0.0,False
ACC9371430906,SAVINGS,Bachittar Kata,STUDENT,UBIN0530003,VERIFIED,359,0.0,False
ACC5268845844,SAVINGS,Barkha Setty,BUSINESS,UBIN0530004,VERIFIED,190,0.0,False
ACC3656086594,SAVINGS,Vivaan Lalla,STUDENT,UBIN0530017,VERIFIED,3550,0.0,False
ACC6928678489,SALARY,Pavani Contractor,INDIVIDUAL,UBIN0530015,VERIFIED,168,0.0,False
ACC7136777415,DORMANT,Manthan Lata,INDIVIDUAL,UBIN0530019,EXPIRED,365,0.0,False
ACC3667292043,CURRENT,Ekbal Bhasin,BUSINESS,UBIN0530020,VERIFIED,1447,0.0,False
ACC4275930923,SALARY,Damyanti Mani,STUDENT,UBIN0530007,VERIFIED,465,0.0,False
ACC1348697524,SALARY,Jeet Sidhu,STUDENT,UBIN0530008,VERIFIED,64,0.0,False
ACC1322401182,SHELL,Neha Magar,BUSINESS,UBIN0530001,VERIFIED,376,0.0,False
ACC7049536909,SALARY,Raksha Buch,STUDENT,UBIN0530020,VERIFIED,1077,0.0,False
ACC7313226025,SAVINGS,Rachana Naidu,BUSINESS,UBIN0530002,VERIFIED,473,0.0,False
ACC6289150149,DORMANT,Atharv Chand,RETIRED,UBIN0530010,EXPIRED,1563,0.0,False
ACC2950049698,SALARY,Ansh Luthra,INDIVIDUAL,UBIN0530008,PENDING,366,0.0,False
ACC9263135031,SAVINGS,Parth Singhal,BUSINESS,UBIN0530019,VERIFIED,115,0.0,False
ACC5010075517,SALARY,Arunima Golla,INDIVIDUAL,UBIN0530014,VERIFIED,1869,0.0,False
ACC1610900200,CURRENT,Vyanjana Chand,BUSINESS,UBIN0530002,VERIFIED,1391,0.0,False
ACC6534540349,DORMANT,Ijaya Rege,RETIRED,UBIN0530004,VERIFIED,365,0.0,False
ACC7614170462,SAVINGS,Ekani Cheema,STUDENT,UBIN0530015,VERIFIED,445,0.0,False
ACC9935429720,DORMANT,Forum Sabharwal,RETIRED,UBIN0530002,EXPIRED,1448,0.0,False
ACC9115009532,SAVINGS,Bhavya Rattan,STUDENT,UBIN0530011,VERIFIED,6365,0.0,False
ACC7887897660,DORMANT,Suhani Chakrabarti,RETIRED,UBIN0530001,VERIFIED,365,0.0,False
ACC1392245997,CURRENT,Zayyan Naik,BUSINESS,UBIN0530019,VERIFIED,141,0.0,False
ACC8822944679,SAVINGS,Netra Varkey,INDIVIDUAL,UBIN0530019,VERIFIED,1045,0.0,False
ACC4248149900,SAVINGS,Turvi Sachdev,INDIVIDUAL,UBIN0530016,VERIFIED,39,0.0,False
ACC2194673401,SALARY,Raghav Vasa,INDIVIDUAL,UBIN0530019,EXPIRED,94,0.0,False
ACC8792122716,SALARY,Wishi Sathe,INDIVIDUAL,UBIN0530003,VERIFIED,6448,0.0,False
ACC7313646580,SAVINGS,Samar Loke,RETIRED,UBIN0530014,VERIFIED,181,0.0,False
ACC6726515966,DORMANT,Bhavna Sarma,RETIRED,UBIN0530004,VERIFIED,365,0.0,False
ACC4683935600,SAVINGS,Jairaj Balakrishnan,INDIVIDUAL,UBIN0530011,VERIFIED,440,0.0,False
ACC7422990551,SALARY,Nathan Mukhopadhyay,INDIVIDUAL,UBIN0530013,VERIFIED,257,0.0,False
ACC3362646960,SALARY,Nikita Chander,INDIVIDUAL,UBIN0530015,VERIFIED,98,0.0,False
ACC5673181221,SALARY,Ishaan Shenoy,INDIVIDUAL,UBIN0530009,VERIFIED,6828,0.0,False
ACC2388450337,CURRENT,Mitesh Tara,BUSINESS,UBIN0530013,VERIFIED,1243,0.0,False
ACC9594878379,DORMANT,Yashodhara Mahajan,INDIVIDUAL,UBIN0530018,VERIFIED,568,0.0,False
ACC7279140605,SALARY,Vasudha Sodhi,INDIVIDUAL,UBIN0530002,VERIFIED,602,0.0,False
ACC8543865915,CURRENT,Tanmayi Dhillon,BUSINESS,UBIN0530015,VERIFIED,1165,0.0,False
ACC4264134512,CURRENT,Rayaan Trivedi,BUSINESS,UBIN0530007,VERIFIED,128,0.0,False
ACC6532043071,SAVINGS,Ekaraj Majumdar,BUSINESS,UBIN0530016,VERIFIED,395,0.0,False
ACC1521521078,CURRENT,Harini Tripathi,BUSINESS,UBIN0530020,VERIFIED,1679,0.0,False
ACC4433026356,SALARY,Aarnav Mandal,INDIVIDUAL,UBIN0530006,VERIFIED,56,0.0,False
ACC9648665968,DORMANT,Vrishti Dixit,RETIRED,UBIN0530014,VERIFIED,702,0.0,False
ACC1400330495,DORMANT,Veda Pai,RETIRED,UBIN0530004,VERIFIED,737,0.0,False
ACC4574027737,SALARY,Krishna Shah,INDIVIDUAL,UBIN0530016,VERIFIED,1128,0.0,False
ACC8324687182,SAVINGS,Ranbir Khare,STUDENT,UBIN0530014,PENDING,258,0.0,False
ACC8880079328,SALARY,Vivaan Roy,INDIVIDUAL,UBIN0530016,PENDING,148,0.0,False
ACC6341783555,SALARY,Eesha Solanki,INDIVIDUAL,UBIN0530018,VERIFIED,1076,0.0,False
ACC5916199809,SHELL,Libni Doshi,BUSINESS,UBIN0530007,VERIFIED,67,0.0,False
ACC4776677517,CURRENT,Balhaar Date,BUSINESS,UBIN0530003,VERIFIED,278,0.0,False
ACC7077131430,SALARY,Harish Sarraf,INDIVIDUAL,UBIN0530017,EXPIRED,524,0.0,False
ACC5305985001,SAVINGS,Tanmayi Aurora,BUSINESS,UBIN0530010,EXPIRED,236,0.0,False
ACC8129391249,SAVINGS,Nimrat Dubey,BUSINESS,UBIN0530005,VERIFIED,509,0.0,False
ACC7375197714,CURRENT,Upasna Lanka,BUSINESS,UBIN0530011,VERIFIED,226,0.0,False
ACC7628981661,DORMANT,Mitali Buch,RETIRED,UBIN0530015,EXPIRED,470,0.0,False
ACC9301537234,SALARY,Lajita Nadig,INDIVIDUAL,UBIN0530007,VERIFIED,344,0.0,False
ACC2644847276,SALARY,Balendra Biswas,INDIVIDUAL,UBIN0530014,VERIFIED,35,0.0,False
ACC5482431018,SAVINGS,Bhavna Karan,RETIRED,UBIN0530016,VERIFIED,92,0.0,False
ACC8779941999,SALARY,Radha Chaudhari,INDIVIDUAL,UBIN0530013,VERIFIED,325,0.0,False
ACC5948254671,SAVINGS,Sachi Ganesan,BUSINESS,UBIN0530002,VERIFIED,308,0.0,False
ACC8924383984,DORMANT,Ayush Batra,INDIVIDUAL,UBIN0530004,VERIFIED,365,0.0,False
ACC2962491159,SAVINGS,Daksh Memon,INDIVIDUAL,UBIN0530005,EXPIRED,1184,0.0,False
ACC1662976399,SAVINGS,Kavya Sankar,INDIVIDUAL,UBIN0530016,VERIFIED,314,0.0,False
ACC6433231472,SALARY,Yash Wali,INDIVIDUAL,UBIN0530020,PENDING,739,0.0,False
ACC8270110908,SAVINGS,Pranit Garde,STUDENT,UBIN0530003,VERIFIED,389,0.0,False
ACC8953271391,SALARY,Farhan Raja,STUDENT,UBIN0530018,VERIFIED,129,0.0,False
ACC8556573246,SAVINGS,Widisha Dhar,RETIRED,UBIN0530018,VERIFIED,594,0.0,False
ACC9744120054,SALARY,Triya Kumar,INDIVIDUAL,UBIN0530003,VERIFIED,632,0.0,False
ACC5683143581,CURRENT,Aadhya Andra,BUSINESS,UBIN0530004,VERIFIED,162,0.0,False
ACC5726642606,CURRENT,Bhavna Dugar,BUSINESS,UBIN0530006,VERIFIED,59,0.0,False
ACC8275679594,SALARY,Riya Pai,INDIVIDUAL,UBIN0530001,VERIFIED,794,0.0,False
ACC5492496998,SAVINGS,Panini Krishna,INDIVIDUAL,UBIN0530002,VERIFIED,7837,0.0,False
ACC6554972315,SAVINGS,Chasmum Issac,BUSINESS,UBIN0530012,PENDING,222,0.0,False
ACC2849785671,SALARY,Vasudha Chhabra,INDIVIDUAL,UBIN0530008,VERIFIED,294,0.0,False
ACC7576309274,SHELL,Lakshmi Parmer,INDIVIDUAL,UBIN0530019,VERIFIED,248,0.0,False
ACC1773338452,CURRENT,Chakrika Bains,BUSINESS,UBIN0530006,VERIFIED,309,0.0,False
ACC9929101065,SAVINGS,Anvi Anand,BUSINESS,UBIN0530013,VERIFIED,416,0.0,False
ACC6329323383,SAVINGS,Watika Mangat,INDIVIDUAL,UBIN0530019,VERIFIED,121,0.0,False
ACC1614685938,CURRENT,Indira Kanda,BUSINESS,UBIN0530015,VERIFIED,287,0.0,False
ACC8034746821,SALARY,Zashil Devan,INDIVIDUAL,UBIN0530015,VERIFIED,561,0.0,False
ACC8750840032,SALARY,Balveer More,INDIVIDUAL,UBIN0530010,EXPIRED,154,0.0,False
ACC1678500147,SAVINGS,Bahadurjit Patla,BUSINESS,UBIN0530015,VERIFIED,646,0.0,False
ACC9354723429,SALARY,Gautam Merchant,INDIVIDUAL,UBIN0530019,PENDING,913,0.0,False
ACC9426850694,SAVINGS,Ojasvi Gill,STUDENT,UBIN0530009,VERIFIED,318,0.0,False
ACC2297602688,CURRENT,Kevin Zacharia,BUSINESS,UBIN0530013,VERIFIED,1960,0.0,False
ACC8960015186,SALARY,Yachana Mahajan,INDIVIDUAL,UBIN0530004,VERIFIED,184,0.0,False
ACC6313758032,DORMANT,Aarini Subramaniam,INDIVIDUAL,UBIN0530019,EXPIRED,365,0.0,False
ACC8298348088,SAVINGS,Hamsini Contractor,INDIVIDUAL,UBIN0530001,VERIFIED,391,0.0,False
ACC8122042835,CURRENT,Faqid Dhaliwal,BUSINESS,UBIN0530009,VERIFIED,5274,0.0,False
ACC9624715092,SAVINGS,Mekhala Pau,RETIRED,UBIN0530002,EXPIRED,104,0.0,False
ACC8495457335,SALARY,Megha Atwal,INDIVIDUAL,UBIN0530010,VERIFIED,794,0.0,False
ACC8739238825,SAVINGS,Jatin Sha,INDIVIDUAL,UBIN0530008,PENDING,1235,0.0,False
ACC3734252963,CURRENT,Adweta Raj,BUSINESS,UBIN0530020,VERIFIED,1150,0.0,False
ACC5464285982,SAVINGS,Hritik Kaur,RETIRED,UBIN0530015,VERIFIED,528,0.0,False
ACC9733234156,CURRENT,Aryan Narang,BUSINESS,UBIN0530012,VERIFIED,1417,0.0,False
ACC4145461251,CURRENT,Dev Shetty,BUSINESS,UBIN0530003,PENDING,327,0.0,False
ACC9201789018,SAVINGS,Nilima Dada,BUSINESS,UBIN0530011,PENDING,1164,0.0,False
ACC8505373158,SAVINGS,Chakradev Barad,BUSINESS,UBIN0530006,VERIFIED,190,0.0,False
ACC1862407093,SALARY,Waida D’Alia,STUDENT,UBIN0530018,VERIFIED,648,0.0,False
ACC6001680218,SAVINGS,Wahab Yogi,RETIRED,UBIN0530016,VERIFIED,391,0.0,False
ACC9033293776,SAVINGS,Lipika Setty,STUDENT,UBIN0530004,VERIFIED,1647,0.0,False
ACC1323408297,CURRENT,Oni Dubey,BUSINESS,UBIN0530008,VERIFIED,100,0.0,False
ACC9503787171,SAVINGS,Hardik Suri,RETIRED,UBIN0530018,VERIFIED,591,0.0,False
ACC2570991899,SALARY,Ati Bali,INDIVIDUAL,UBIN0530013,VERIFIED,62,0.0,False
ACC5354747485,SAVINGS,Teerth Sawhney,INDIVIDUAL,UBIN0530018,VERIFIED,290,0.0,False
ACC5825776872,SAVINGS,Warinder Patil,STUDENT,UBIN0530012,VERIFIED,878,0.0,False
ACC8182649048,SALARY,Jhalak Parmer,INDIVIDUAL,UBIN0530019,VERIFIED,75,0.0,False
ACC2595467139,SAVINGS,Mitali Majumdar,BUSINESS,UBIN0530008,VERIFIED,1732,0.0,False
ACC3024977737,SALARY,Jason Sha,INDIVIDUAL,UBIN0530020,PENDING,362,0.0,False
ACC7706193636,SAVINGS,Simon Bail,INDIVIDUAL,UBIN0530020,VERIFIED,427,0.0,False
ACC9861449701,DORMANT,Gauri Kohli,INDIVIDUAL,UBIN0530015,VERIFIED,365,0.0,False
ACC2753617371,CURRENT,Samesh Biswas,BUSINESS,UBIN0530005,EXPIRED,443,0.0,False
ACC5454792171,SAVINGS,Tarak Kaul,INDIVIDUAL,UBIN0530016,EXPIRED,36,0.0,False
ACC1498733671,SHELL,Manbir Agate,INDIVIDUAL,UBIN0530008,EXPIRED,1211,0.0,False
ACC5877639950,CURRENT,Maanav De,BUSINESS,UBIN0530015,VERIFIED,611,0.0,False
ACC7615076397,CURRENT,Owen Choudhary,BUSINESS,UBIN0530019,VERIFIED,1525,0.0,False
ACC9381721143,SAVINGS,Karan Aurora,BUSINESS,UBIN0530002,EXPIRED,115,0.0,False
ACC8259700175,SAVINGS,Wazir Naik,BUSINESS,UBIN0530007,VERIFIED,320,0.0,False
ACC7199283151,SALARY,Owen Lanka,STUDENT,UBIN0530008,EXPIRED,523,0.0,False
ACC8969097897,SALARY,Jonathan Sama,INDIVIDUAL,UBIN0530004,VERIFIED,513,0.0,False
ACC8064477344,SAVINGS,Devansh Soni,RETIRED,UBIN0530002,VERIFIED,1423,0.0,False
ACC7004964045,SALARY,Janaki Varghese,INDIVIDUAL,UBIN0530007,VERIFIED,2864,0.0,False
ACC5158416864,SAVINGS,Siya Thakur,BUSINESS,UBIN0530015,EXPIRED,101,0.0,False
ACC9983668939,SAVINGS,Caleb Verma,RETIRED,UBIN0530007,VERIFIED,593,0.0,False
ACC1091729577,CURRENT,Tara Balasubramanian,BUSINESS,UBIN0530011,VERIFIED,669,0.0,False
ACC3424843951,DORMANT,Varenya Ratti,INDIVIDUAL,UBIN0530003,VERIFIED,1417,0.0,False
ACC3380304322,SALARY,Hritik Swaminathan,INDIVIDUAL,UBIN0530019,VERIFIED,799,0.0,False
ACC4735313433,SALARY,Ethan Buch,INDIVIDUAL,UBIN0530011,VERIFIED,87,0.0,False
ACC4325887726,SALARY,Manbir Bhatti,INDIVIDUAL,UBIN0530020,VERIFIED,56,0.0,False
ACC5307145891,SAVINGS,Anvi Nair,INDIVIDUAL,UBIN0530005,VERIFIED,494,0.0,False
ACC5241397494,SALARY,Chaitaly Setty,INDIVIDUAL,UBIN0530018,VERIFIED,174,0.0,False
ACC1749459431,SAVINGS,Hardik Contractor,STUDENT,UBIN0530001,VERIFIED,233,0.0,False
ACC1566090561,SAVINGS,Qushi Seth,INDIVIDUAL,UBIN0530012,VERIFIED,393,0.0,False
ACC2390587865,CURRENT,Odika Nori,BUSINESS,UBIN0530006,VERIFIED,2124,0.0,False
ACC2139744790,SALARY,Mohini Sagar,INDIVIDUAL,UBIN0530005,EXPIRED,793,0.0,False
ACC8480622107,SAVINGS,Dhriti Sane,INDIVIDUAL,UBIN0530017,VERIFIED,1002,0.0,False
ACC5567946981,SAVINGS,Aadhya Prasad,RETIRED,UBIN0530015,VERIFIED,565,0.0,False
ACC8636525027,DORMANT,Urvi Bhavsar,INDIVIDUAL,UBIN0530017,VERIFIED,365,0.0,False
ACC3549776132,SAVINGS,Frederick Chander,INDIVIDUAL,UBIN0530015,PENDING,358,0.0,False
ACC3163970710,CURRENT,Gopal Pradhan,BUSINESS,UBIN0530020,VERIFIED,2483,0.0,False
ACC9776185998,SAVINGS,Darpan Narayan,INDIVIDUAL,UBIN0530017,VERIFIED,1020,0.0,False
ACC6590459705,SAVINGS,Nirja Pandya,BUSINESS,UBIN0530001,VERIFIED,3699,0.0,False
ACC7019900273,SAVINGS,Charan Mani,BUSINESS,UBIN0530004,VERIFIED,526,0.0,False
ACC9202102595,SHELL,Indira Chawla,INDIVIDUAL,UBIN0530003,PENDING,201,0.0,False
ACC4862321353,CURRENT,Mohammed Subramaniam,BUSINESS,UBIN0530011,EXPIRED,435,0.0,False
ACC3612617557,CURRENT,Hritik Palla,BUSINESS,UBIN0530003,PENDING,286,0.0,False
ACC5836956044,SAVINGS,Ishwar Mallick,BUSINESS,UBIN0530020,VERIFIED,652,0.0,False
ACC6691628146,SALARY,Pushti Bal,STUDENT,UBIN0530020,VERIFIED,988,0.0,False
ACC7573691558,SAVINGS,Ayush Gole,STUDENT,UBIN0530015,VERIFIED,173,0.0,False
ACC2847692041,SALARY,Dayamai Nori,INDIVIDUAL,UBIN0530004,VERIFIED,5809,0.0,False
ACC6218484323,SAVINGS,Abeer Golla,BUSINESS,UBIN0530015,PENDING,91,0.0,False
ACC4814321889,SAVINGS,Nandini Boase,INDIVIDUAL,UBIN0530014,VERIFIED,1753,0.0,False
ACC7242730249,CURRENT,Azaan Chand,BUSINESS,UBIN0530014,VERIFIED,2830,0.0,False
ACC4133661881,SAVINGS,Krisha Saini,BUSINESS,UBIN0530011,VERIFIED,153,0.0,False
ACC7127904756,CURRENT,Harita Dugar,BUSINESS,UBIN0530009,VERIFIED,2884,0.0,False
ACC9259157845,SALARY,Devika Nair,STUDENT,UBIN0530003,VERIFIED,580,0.0,False
ACC1366637148,CURRENT,Charles Dugal,BUSINESS,UBIN0530014,VERIFIED,212,0.0,False
ACC8468071953,SAVINGS,Chandran Bumb,INDIVIDUAL,UBIN0530005,PENDING,200,0.0,False
ACC3389594115,SAVINGS,Saanvi Samra,INDIVIDUAL,UBIN0530019,VERIFIED,119,0.0,False
ACC7707379050,CURRENT,Riya Sachdeva,BUSINESS,UBIN0530004,VERIFIED,191,0.0,False
ACC7059376953,CURRENT,Tanveer Vala,BUSINESS,UBIN0530014,PENDING,936,0.0,False
ACC4096932037,SALARY,Hemani Sani,INDIVIDUAL,UBIN0530010,VERIFIED,1760,0.0,False
ACC7873709012,SHELL,Bhanumati Sur,BUSINESS,UBIN0530012,VERIFIED,94,0.0,False
ACC3179320310,SALARY,Chakradev Kannan,INDIVIDUAL,UBIN0530005,VERIFIED,788,0.0,False
ACC8115628227,SAVINGS,Christopher Amble,BUSINESS,UBIN0530008,VERIFIED,441,0.0,False
ACC4639017775,CURRENT,Charvi Kakar,BUSINESS,UBIN0530012,VERIFIED,2697,0.0,False
ACC2578662692,SAVINGS,Aadhya Mann,BUSINESS,UBIN0530009,VERIFIED,279,0.0,False
ACC3465740756,DORMANT,Jagdish Amble,INDIVIDUAL,UBIN0530014,VERIFIED,440,0.0,False
ACC9702693937,SALARY,Qushi Gill,INDIVIDUAL,UBIN0530009,VERIFIED,1028,0.0,False
ACC1124352982,SAVINGS,Lajita Walia,STUDENT,UBIN0530009,VERIFIED,738,0.0,False
ACC6754503097,SALARY,Xiti Pandya,INDIVIDUAL,UBIN0530001,VERIFIED,811,0.0,False
ACC8118240999,SAVINGS,Mekhala Basak,INDIVIDUAL,UBIN0530003,VERIFIED,447,0.0,False
ACC1131671246,SAVINGS,Anirudh Sharaf,INDIVIDUAL,UBIN0530017,VERIFIED,943,0.0,False
ACC6218955985,CURRENT,Dhriti Sanghvi,BUSINESS,UBIN0530014,VERIFIED,400,0.0,False
ACC7243361127,SHELL,Omisha Mann,BUSINESS,UBIN0530006,VERIFIED,1103,0.0,False
ACC6884333221,DORMANT,Nidhi Bail,INDIVIDUAL,UBIN0530011,PENDING,1215,0.0,False
ACC1225953184,DORMANT,Onveer Sharma,RETIRED,UBIN0530006,VERIFIED,365,0.0,False
ACC9803662851,SAVINGS,Gaurang Sarkar,INDIVIDUAL,UBIN0530003,VERIFIED,768,0.0,False
ACC6463640105,SAVINGS,Yagnesh Sarin,RETIRED,UBIN0530014,VERIFIED,137,0.0,False
ACC7193532615,SALARY,Farhan Randhawa,INDIVIDUAL,UBIN0530009,PENDING,391,0.0,False
ACC3200510647,CURRENT,Harinakshi Kant,BUSINESS,UBIN0530012,VERIFIED,1076,0.0,False
ACC2846465000,SAVINGS,Om Bose,BUSINESS,UBIN0530010,VERIFIED,258,0.0,False
ACC7842459488,SAVINGS,Yashvi Hari,INDIVIDUAL,UBIN0530017,VERIFIED,122,0.0,False
ACC8160279830,SHELL,Indali Divan,INDIVIDUAL,UBIN0530002,EXPIRED,46,0.0,False
ACC6242086783,CURRENT,Harshil Dhingra,BUSINESS,UBIN0530020,VERIFIED,185,0.0,False
ACC1235286733,SAVINGS,Rudra Ghose,BUSINESS,UBIN0530007,VERIFIED,2532,0.0,False
ACC6392415228,SAVINGS,Faqid Goel,INDIVIDUAL,UBIN0530011,VERIFIED,1741,0.0,False
ACC1515328854,CURRENT,Ucchal Sen,BUSINESS,UBIN0530016,VERIFIED,205,0.0,False
ACC8503368512,SAVINGS,Diya Dora,INDIVIDUAL,UBIN0530006,VERIFIED,246,0.0,False
ACC5849815676,SALARY,Ekansh Singh,INDIVIDUAL,UBIN0530018,VERIFIED,63,0.0,False
ACC4022245086,CURRENT,Chavvi Maharaj,BUSINESS,UBIN0530017,VERIFIED,1205,0.0,False
ACC2521136431,CURRENT,Indira Tripathi,BUSINESS,UBIN0530013,VERIFIED,345,0.0,False
ACC5476654128,SAVINGS,Dayita Shenoy,INDIVIDUAL,UBIN0530001,VERIFIED,1322,0.0,False
ACC8044354825,SALARY,Baljiwan Bhandari,INDIVIDUAL,UBIN0530010,VERIFIED,389,0.0,False
ACC5789633176,CURRENT,Bhavini Bose,BUSINESS,UBIN0530001,VERIFIED,327,0.0,False
ACC9444763362,SAVINGS,Yashica Rajagopalan,STUDENT,UBIN0530006,VERIFIED,68,0.0,False
ACC7949795085,SAVINGS,Benjamin Sengupta,INDIVIDUAL,UBIN0530012,EXPIRED,502,0.0,False
ACC5673482258,SALARY,Ekanta Soni,STUDENT,UBIN0530004,VERIFIED,465,0.0,False
ACC6340003593,CURRENT,David Seshadri,BUSINESS,UBIN0530019,PENDING,125,0.0,False
ACC5632753983,SAVINGS,Hemal Chad,INDIVIDUAL,UBIN0530010,VERIFIED,1639,0.0,False
ACC8498174646,CURRENT,Balveer Kota,BUSINESS,UBIN0530008,VERIFIED,143,0.0,False
ACC1722124509,SAVINGS,Reva Viswanathan,INDIVIDUAL,UBIN0530017,VERIFIED,180,0.0,False
ACC3719679239,SALARY,Januja Pradhan,INDIVIDUAL,UBIN0530017,VERIFIED,1405,0.0,False
ACC3190227431,SALARY,Lila Rege,INDIVIDUAL,UBIN0530012,PENDING,5371,0.0,False
ACC1634323009,SALARY,Charles Natt,STUDENT,UBIN0530004,VERIFIED,195,0.0,False
ACC5923940434,CURRENT,Forum Chandra,BUSINESS,UBIN0530007,VERIFIED,96,0.0,False
ACC1323639855,SALARY,Bhanumati Krishnan,INDIVIDUAL,UBIN0530016,VERIFIED,434,0.0,False
ACC7783763790,SAVINGS,Gauri Bumb,INDIVIDUAL,UBIN0530019,VERIFIED,154,0.0,False
ACC2357806226,SAVINGS,Inaya Mukherjee,INDIVIDUAL,UBIN0530015,VERIFIED,1917,0.0,False
ACC5588254555,SALARY,Kai Chad,INDIVIDUAL,UBIN0530015,VERIFIED,566,0.0,False
ACC8006745733,SALARY,Krisha Narasimhan,INDIVIDUAL,UBIN0530009,VERIFIED,172,0.0,False
ACC3540128512,SAVINGS,Girik Sampath,RETIRED,UBIN0530012,VERIFIED,835,0.0,False
ACC3178995337,SAVINGS,Andrew Patil,INDIVIDUAL,UBIN0530010,VERIFIED,1945,0.0,False
ACC7278136169,CURRENT,Pranit Kala,BUSINESS,UBIN0530002,VERIFIED,697,0.0,False
ACC5539308214,SAVINGS,Vedika Handa,RETIRED,UBIN0530010,VERIFIED,5420,0.0,False
ACC9919491730,SAVINGS,Laksh Dubey,RETIRED,UBIN0530003,VERIFIED,2525,0.0,False
ACC7472806994,SALARY,Chakrika Chaudhuri,INDIVIDUAL,UBIN0530015,VERIFIED,742,0.0,False
ACC5471158508,SAVINGS,Gayathri Deep,RETIRED,UBIN0530019,VERIFIED,115,0.0,False
ACC3799620568,CURRENT,Mitesh Gaba,BUSINESS,UBIN0530011,VERIFIED,38,0.0,False
ACC7893447569,DORMANT,Noah Sarma,INDIVIDUAL,UBIN0530017,VERIFIED,519,0.0,False
ACC5560712830,CURRENT,Nirja Patla,BUSINESS,UBIN0530004,VERIFIED,331,0.0,False
ACC8891474909,SALARY,Sachi Mane,STUDENT,UBIN0530003,PENDING,330,0.0,False
ACC1741134891,SALARY,Vivaan Walla,INDIVIDUAL,UBIN0530008,PENDING,566,0.0,False
ACC8334179373,SALARY,Dayamai Singh,INDIVIDUAL,UBIN0530015,VERIFIED,501,0.0,False
ACC3619094295,SHELL,Jhalak Sastry,BUSINESS,UBIN0530012,VERIFIED,85,0.0,False
ACC6509985983,SAVINGS,Baghyawati Raja,INDIVIDUAL,UBIN0530014,VERIFIED,213,0.0,False
ACC8621268224,CURRENT,Neel Iyengar,BUSINESS,UBIN0530020,PENDING,815,0.0,False
ACC2437308013,SALARY,Zashil Ben,INDIVIDUAL,UBIN0530011,VERIFIED,41,0.0,False
ACC9995834531,CURRENT,Kamya Chauhan,BUSINESS,UBIN0530013,VERIFIED,443,0.0,False
ACC6515369278,DORMANT,Bhavani Chacko,RETIRED,UBIN0530020,VERIFIED,365,0.0,False
ACC4750707607,SAVINGS,Anjali Sengupta,INDIVIDUAL,UBIN0530011,VERIFIED,92,0.0,False
ACC9939982945,SHELL,Rajeshri Chand,INDIVIDUAL,UBIN0530005,VERIFIED,201,0.0,False
ACC9232363331,CURRENT,Shravya Palla,BUSINESS,UBIN0530010,VERIFIED,817,0.0,False
ACC2683446724,CURRENT,Oeshi Bera,BUSINESS,UBIN0530020,VERIFIED,1695,0.0,False
ACC5658832688,CURRENT,Yadavi Prakash,BUSINESS,UBIN0530018,VERIFIED,194,0.0,False
ACC8695129534,SALARY,Libni Bumb,INDIVIDUAL,UBIN0530005,VERIFIED,70,0.0,False
ACC3260842187,SAVINGS,Udarsh Bala,INDIVIDUAL,UBIN0530014,PENDING,106,0.0,False
ACC7478908722,SHELL,Hardik Nayak,INDIVIDUAL,UBIN0530001,VERIFIED,818,0.0,False
ACC6852312425,CURRENT,Laksh Barad,BUSINESS,UBIN0530006,VERIFIED,605,0.0,False
ACC5085241101,CURRENT,Urmi Dewan,BUSINESS,UBIN0530011,VERIFIED,1635,0.0,False
ACC3088517710,SAVINGS,Saumya Ahluwalia,BUSINESS,UBIN0530008,VERIFIED,202,0.0,False
ACC5294866888,CURRENT,Anirudh Kunda,BUSINESS,UBIN0530005,VERIFIED,2567,0.0,False
ACC5626388820,CURRENT,Mason Wable,BUSINESS,UBIN0530004,VERIFIED,4479,0.0,False
ACC3261436148,SALARY,Indrajit Mani,STUDENT,UBIN0530011,VERIFIED,400,0.0,False
ACC3654424954,SAVINGS,Charvi Dara,INDIVIDUAL,UBIN0530020,VERIFIED,1948,0.0,False
ACC2617999521,SALARY,William Saini,INDIVIDUAL,UBIN0530006,VERIFIED,30,0.0,False
ACC4876877928,SAVINGS,Dev Choudhry,INDIVIDUAL,UBIN0530015,VERIFIED,1054,0.0,False
ACC5482624860,SAVINGS,Amol Varma,INDIVIDUAL,UBIN0530012,VERIFIED,506,0.0,False
ACC2928130926,CURRENT,Maanas Manne,BUSINESS,UBIN0530018,VERIFIED,806,0.0,False
ACC6322188162,SALARY,Aarav Pandit,INDIVIDUAL,UBIN0530016,VERIFIED,258,0.0,False
ACC6128260438,CURRENT,Omaja Grover,BUSINESS,UBIN0530019,VERIFIED,1489,0.0,False
ACC9523104008,SAVINGS,Jalsa Bir,INDIVIDUAL,UBIN0530015,VERIFIED,214,0.0,False
ACC8599680717,CURRENT,Madhavi Singhal,BUSINESS,UBIN0530013,VERIFIED,1018,0.0,False
ACC3597009738,DORMANT,Lila Prakash,INDIVIDUAL,UBIN0530009,VERIFIED,747,0.0,False
ACC9814045133,CURRENT,Amol Parikh,BUSINESS,UBIN0530016,VERIFIED,212,0.0,False
ACC9049270990,SAVINGS,Hemani Khosla,INDIVIDUAL,UBIN0530018,VERIFIED,30,0.0,False
ACC5012760260,SALARY,Gaurangi Deol,INDIVIDUAL,UBIN0530017,VERIFIED,332,0.0,False
ACC4655730355,CURRENT,Indira Nigam,BUSINESS,UBIN0530010,VERIFIED,1011,0.0,False
ACC5983503547,SHELL,Ucchal Srinivas,INDIVIDUAL,UBIN0530015,VERIFIED,1758,0.0,False
ACC2878930355,SAVINGS,Krishna Bhatnagar,INDIVIDUAL,UBIN0530008,VERIFIED,307,0.0,False
ACC8802681056,SAVINGS,Balhaar Memon,STUDENT,UBIN0530012,VERIFIED,626,0.0,False
ACC4996346509,SALARY,Caleb Iyengar,INDIVIDUAL,UBIN0530014,VERIFIED,30,0.0,False
ACC5523703900,SAVINGS,Diya Mukherjee,STUDENT,UBIN0530017,VERIFIED,1165,0.0,False
